sampleId,stratum,currentClassification,evidence,college,title,url,policySource,policyVerifiedAt,medicalLike,manualLabel,manualEvidenceUrl,reviewer,reviewNotes
AT-001,policy-tenure-track,tenure-track,institution-policy,"University of Nevada, Las Vegas","Hematology and Medical Oncology, Assistant/Associate/Professor",https://nshe.wd1.myworkdayjobs.com/UNLV-external/job/UNLV1-Medical-District/Assistant-Associate-Professor-and-or-Chief-of-the-Division-and-or-Program-Director-of-Hematology-and-Medical-Oncology--R0145582-_R0145582,https://www.unlv.edu/policies/unlv-bylaws/chapter-1,2026-09-20,true,,,,
AT-002,policy-tenure-track,tenure-track,institution-policy,Broward College,"Assistant Professor, Nursing (Multiple Vacancies) North Campus",https://browardcollege.wd5.myworkdayjobs.com/FT/job/North-Campus/Assistant-Professor--Nursing--Multiple-Vacancies--North-Campus_REQ-000046843,https://www.broward.edu/legal/policies-and-procedures/_docs/policy/6hx2-3.50.pdf,2026-09-22,true,,,,
AT-003,policy-tenure-track,tenure-track,institution-policy,College of Southern Maryland,10-Month Full-Time Economics Faculty,https://www.schooljobs.com/careers/csmd/facultyjobs/jobs/5171402/10-month-full-time-economics-faculty,https://www.csmd.edu/employment/frequently-asked-questions/index.html,2026-09-21,false,,,,
AT-004,policy-tenure-track,tenure-track,institution-policy,Kennesaw State University,Assistant Professor of Information Systems and Security (Cybersecurity),https://careers.hprod.onehcm.usg.edu/psc/careers/CAREERS/HRMS/c/HRS_HRAM_FL.HRS_CG_SEARCH_FL.GBL?Page=HRS_APP_JBPST_FL&Action=U&FOCUS=Applicant&SiteId=1&JobOpeningId=300740&PostingSeq=1,https://provost.uga.edu/wp-content/uploads/appointment-promotion-tenure-guidelines-academic-rank-faculty.pdf,2026-09-20,false,,,,
AT-005,policy-tenure-track,tenure-track,institution-policy,Owens Community College,"Instructor, Food, Nutrition and Hospitality",https://owens.wd1.myworkdayjobs.com/OCC/job/Owens-Toledo-Campus/Instructor--Food--Nutrition-and-Hospitality_JR101620,https://www.owens.edu/trustees/wp-content/uploads/sites/45/2026/01/5-59-Policy-Faculty-tenure.pdf,2026-09-21,true,,,,
AT-006,policy-tenure-track,tenure-track,institution-policy,Stony Brook University,"Robotic Cardiac Surgeon, Associate/Assistant/Professor, Surgery, Cardiothoracic Surgery",https://apply.interfolio.com/189758,https://www.suny.edu/hr/compensation/unclassified/other/academic-rank-titles/,2026-09-21,true,,,,
AT-007,policy-tenure-track,tenure-track,institution-policy,North Carolina Central University,Professor,https://jobs.nccu.edu/postings/34934,https://jobs.nccu.edu/postings/36530,2026-09-20,false,,,,
AT-008,policy-tenure-track,tenure-track,institution-policy,"Rutgers, The State University of New Jersey",Assistant Professor - Maternal – Fetal Medicine (Ob/Gyn),https://jobs.rutgers.edu/postings/271839,https://laborrelations.rutgers.edu/sites/default/files/document/appointments_promotions_guidelines_00385501xb0a50.pdf,2026-09-16,true,,,,
AT-009,policy-tenure-track,tenure-track,institution-policy,SUNY Oswego,Assistant Professor of Electrical and Computer Engineering,https://oswego.interviewexchange.com/jobofferdetails.jsp?JOBID=203994,https://www.suny.edu/hr/compensation/unclassified/other/academic-rank-titles/,2026-09-21,false,,,,
AT-010,policy-tenure-track,tenure-track,institution-policy,Texas Southern University,Assistant Professor in Health Administration,https://jobs.tsu.edu/postings/11580,https://www.tsu.edu/faculty-senate/images/faculty-manual.pdf,2026-09-21,true,,,,
AT-011,policy-tenure-track,tenure-track,institution-policy,Rice University,Professor of Computer Science,https://apply.interfolio.com/180852,https://policy.rice.edu/201,2026-09-21,false,,,,
AT-012,policy-tenure-track,tenure-track,institution-policy,Northwestern College,Business-Economics Faculty,https://www.nwciowa.edu/employment/openings/447/business-economics-faculty,https://www.nwciowa.edu/employment,2026-09-21,false,,,,
AT-013,policy-tenure-track,tenure-track,institution-policy,SUNY Onondaga Community College,English Language Institute Instructor,https://sunyocc.interviewexchange.com/jobofferdetails.jsp?JOBID=203380,https://nces.ed.gov/ipeds/complete-data-files/S2024_SIS.zip,2026-09-21,false,,,,
AT-014,policy-tenure-track,tenure-track,institution-policy,Jacksonville State University,"Assistant Professor, Sports Industry",https://careers.jsu.edu/jobs/assistant-professor-sports-industry-jacksonville-al-main-campus-alabama-united-states,https://www.jsu.edu/education/pdf/NCATE%20PDF/Exhibit%20Folder/Standard%206/workload.pdf,2026-09-21,false,,,,
AT-015,policy-tenure-track,tenure-track,institution-policy,CUNY City College,Lecturer - Urban Sustainability,https://cuny.jobs/new-york-ny/lecturer-urban-sustainability/8E78D1A867754581956F450C15ECA05C/job,https://psc-cuny.org/contract/article-11-classification-titles/,2026-09-15,false,,,,
AT-016,policy-tenure-track,tenure-track,institution-policy,The University of Texas Health Science Center at Houston,"Assistant Professor (TT); Center for Health Equity (CHE) - Open Department, School of Public Health",https://careers.uth.tmc.edu/us/en/job/250001XR/Assistant-Professor-TT-;-Center-for-Health-Equity-CHE-Open-Department-School-of-Public-Health,https://www.uth.edu/hoop/policy.htm?id=1681890,2026-09-19,true,,,,
AT-017,policy-tenure-track,tenure-track,institution-policy,Gordon College,"Assistant, Associate, or Full Professor of Language and Literacy Education",https://d2z22iumei9dph.cloudfront.net/fs_public/Assistant-Associate-or-Full-Professor-of-Language-and-Literacy-Education-Ed.-D.pdf,https://d2z22iumei9dph.cloudfront.net/fs_public/Assistant-Associate-or-Full-Professor-of-Language-and-Literacy-Education-Ed.-D.pdf,2026-09-22,false,,,,
AT-018,policy-tenure-track,tenure-track,institution-policy,University of Arkansas,Assistant/Associate/Full Professor of Law (Open Rank),https://uasys.wd5.myworkdayjobs.com/UAF_External_Career_Site/job/Fayetteville-AR/Assistant-Associate-Full-Professor-of-Law--Open-Rank-_R0088929,https://uasys.wd5.myworkdayjobs.com/UAF_External_Career_Site/job/Fayetteville-AR/Assistant-Associate-Full-Professor-of-Law--Open-Rank-_R0088929,2026-09-22,false,,,,
AT-019,policy-tenure-track,tenure-track,institution-policy,Palomar College,"Assistant Professor, Emergency Medical Technologies",https://www.communitycollegecareerconnect.com/jobs/cmssc0zh8002101mirxputfu3,https://palomar.peopleadmin.com/postings/25374,2026-09-21,true,,,,
AT-020,policy-tenure-track,tenure-track,institution-policy,Middlebury College,Department of Philosophy - Assistant Professor,https://apply.interfolio.com/187640,https://www.middlebury.edu/college/academics/academic-affairs/faculty/prospective-faculty/open-positions,2026-09-20,false,,,,
AT-021,policy-tenure-track,tenure-track,institution-policy,Metropolitan State University,State University Faculty - Assistant Professor of Accounting,https://minnstate.wd115.myworkdayjobs.com/Minnesota_State_Careers/job/St-Paul/State-University-Faculty---Assistant-Professor-of-Accounting_JR0000005494,https://www.minnstate.edu/system/working/docs/contracts/ifo-contract.pdf,2026-09-21,false,,,,
AT-022,policy-tenure-track,tenure-track,institution-policy,Galveston College,Nursing Faculty,https://workforcenow.adp.com/mascsr/default/mdf/recruitment/recruitment.html?cid=eb7db213-0a7d-4f21-8e8e-1ac6faf5d455&ccId=19000101_000001&jobId=9201202404543_1&lang=en_US&source=CC2,https://www.gc.edu/about-gc/administration/human-resources/documents/FacultyHandbookUpdated2-26-25.pdf,2026-09-21,true,,,,
AT-023,policy-tenure-track,tenure-track,institution-policy,Abraham Baldwin Agricultural College,Assistant/Associate Professor of Chemistry,https://careers.hprod.onehcm.usg.edu/psc/careers/CAREERS/HRMS/c/HRS_HRAM_FL.HRS_CG_SEARCH_FL.GBL?Page=HRS_APP_JBPST_FL&Action=U&FOCUS=Applicant&SiteId=1&JobOpeningId=302205&PostingSeq=1,https://provost.uga.edu/wp-content/uploads/appointment-promotion-tenure-guidelines-academic-rank-faculty.pdf,2026-09-20,false,,,,
AT-024,policy-tenure-track,tenure-track,institution-policy,UW-Madison,Assistant Professor of Public Policy (Market-Based Solutions to Societal Challenges),https://wisconsin.wd1.myworkdayjobs.com/UW_Madison/job/Madison-WI/Assistant-Professor-of-Public-Policy--Market-Based-Solutions-to-Societal-Challenges-_JR10012581,https://hr.wisc.edu/hr-guides/for-hr-professionals/tip-sheet-new-hire-of-assistant-professor/,2026-09-21,false,,,,
AT-025,policy-tenure-track,tenure-track,institution-policy,University of Minnesota,Assistant Professor - Cognitive and Brain Sciences,https://hr.myu.umn.edu/psc/hrprd/EMPLOYEE/HRMS/c/HRS_HRAM_FL.HRS_CG_SEARCH_FL.GBL?Page=HRS_APP_JBPST_FL&Action=U&FOCUS=Applicant&SiteId=1&JobOpeningId=375565&PostingSeq=1,https://cla.umn.edu/psychology/about/employment,2026-09-22,false,,,,
AT-026,policy-tenure-track,tenure-track,institution-policy,Binghamton University,Assistant Professor of Finance,https://binghamton.interviewexchange.com/jobofferdetails.jsp?JOBID=204685,https://www.suny.edu/hr/compensation/unclassified/other/academic-rank-titles/,2026-09-21,false,,,,
AT-027,policy-tenure-track,tenure-track,institution-policy,SUNY Alfred State College,Criminal Justice Assistant Professor,https://alfredstate.interviewexchange.com/jobofferdetails.jsp?JOBID=204913,https://www.suny.edu/hr/compensation/unclassified/other/academic-rank-titles/,2026-09-21,false,,,,
AT-028,policy-tenure-track,tenure-track,institution-policy,University of South Florida,Assistant Professor - Audiovisual Media & Sound Studies,https://fa-ewkd-saasfaprod1.fa.ocs.oraclecloud.com/hcmUI/CandidateExperience/en/sites/USF/job/44392,https://www.usf.edu/arts-sciences/research-scholarship/priority-qa/pi-eligibility.aspx,2026-09-21,false,,,,
AT-029,policy-tenure-track,tenure-track,institution-policy,Miami University-Oxford,Assistant or Associate Professor - Information Systems,https://miamioh.wd5.myworkdayjobs.com/miamioh-faculty/job/Farmer-School-of-Business/Assistant-or-Associate-Professor---Information-Systems_JR104290,https://nces.ed.gov/ipeds/complete-data-files/S2024_SIS.zip,2026-09-21,false,,,,
AT-030,policy-tenure-track,tenure-track,institution-policy,University of North Texas,Assistant Professor of Counseling Psychology,https://careers.untsystem.edu/jobs/assistant-professor-of-counseling-psychology-denton-texas-united-states,https://careers.untsystem.edu/jobs/search/search-page-unt-faculty,2026-09-21,false,,,,
AT-031,policy-tenure-track,tenure-track,institution-policy,Rice University,Assistant Faculty Position – Geoscience Innovation with AI,https://apply.interfolio.com/193007,https://eeps.rice.edu/eeps-job-opportunities-tenure-track-faculty,2026-09-22,false,,,,
AT-032,policy-tenure-track,tenure-track,institution-policy,Miami University-Oxford,Assistant/Associate Professor - ECE,https://miamioh.wd5.myworkdayjobs.com/miamioh-faculty/job/Engineering-Building/Assistant-Associate-Professor---ECE_JR104831,https://nces.ed.gov/ipeds/complete-data-files/S2024_SIS.zip,2026-09-21,false,,,,
AT-033,policy-tenure-track,tenure-track,institution-policy,Kansas City Kansas Community College,Automation Engineer Technology Instructor,https://kckcc.applicantstack.com/x/detail/a2s0rr3gwix8,https://www.kckcc.edu/about/policies-procedures/human-resources/probationary-period.html,2026-09-20,false,,,,
AT-034,policy-tenure-track,tenure-track,institution-policy,De Anza College,"Instructor, Veterinary Technology (RVT)",https://www.schooljobs.com/careers/fhda/Faculty/jobs/5306984/instructor-veterinary-technology-rvt,https://www.foothill.fhda.edu/gov/academic-senate/2024-25/may19/May%2019.pdf,2026-09-20,false,,,,
AT-035,policy-tenure-track,tenure-track,institution-policy,Kansas City Kansas Community College,Driver’s Education Instructor,https://kckcc.applicantstack.com/x/detail/a2s0rr3s3fmz,https://nces.ed.gov/ipeds/complete-data-files/S2024_SIS.zip,2026-09-21,false,,,,
AT-036,policy-tenure-track,tenure-track,institution-policy,Albany State University,Asst Professor Psychology Graduate Coordinator,https://careers.hprod.onehcm.usg.edu/psc/careers/CAREERS/HRMS/c/HRS_HRAM_FL.HRS_CG_SEARCH_FL.GBL?Page=HRS_APP_JBPST_FL&Action=U&FOCUS=Applicant&SiteId=1&JobOpeningId=301453&PostingSeq=1,https://provost.uga.edu/wp-content/uploads/appointment-promotion-tenure-guidelines-academic-rank-faculty.pdf,2026-09-20,false,,,,
AT-037,policy-tenure-track,tenure-track,institution-policy,Grambling State University,Assistant/Associate Professor of Public Administration,https://www.schooljobs.com/careers/gram/jobs/5464218/assistant-associate-professor-of-public-administration,https://www.gram.edu/offices/hr/new-employees/empclass.php,2026-09-22,false,,,,
AT-038,policy-tenure-track,tenure-track,institution-policy,University of Nebraska Medical Center,Associate Professor - Professor / Rank DOQ (Faculty),https://unmc.peopleadmin.com/postings/95704,https://www.unmc.edu/human-resources/_documents/nu-values/success_factors/faculty_other_academic_executive_administrative/procedures/academic_services-sf-faculty_requisition_procedures.pdf,2026-09-20,true,,,,
AT-039,policy-tenure-track,tenure-track,institution-policy,UC Davis,Assistant/Associate/Full Professor of Teaching in Epidemiology,https://recruit.ucdavis.edu/JPF07883,https://www.ucop.edu/academic-personnel-programs/_files/apm/apm-285.pdf,2026-09-20,false,,,,
AT-040,policy-tenure-track,tenure-track,institution-policy,University of Georgia,Assistant Professor,https://www.ugajobsearch.com/postings/506682,https://nontenuretrack.uga.edu/about/who-are-ntt-faculty,2026-09-21,false,,,,
AT-041,policy-non-tenure-track,non-tenure-track,institution-policy,Pacific Oaks College,Doctoral Capstone Coordinator (DCC) & Professor of Occupational Therapy (OT),https://tcsedsystem.wd1.myworkdayjobs.com/PacificOaksCareers/job/Pasadena-CA/Doctoral-Capstone-Coordinator--DCC----Professor-of-Occupational-Therapy--OT-_R0013192,https://nces.ed.gov/ipeds/complete-data-files/S2024_SIS.zip,2026-09-20,false,,,,
AT-042,policy-non-tenure-track,non-tenure-track,institution-policy,University of Miami,Physical Therapy- Assistant Professor of Clinical,https://umiami.wd1.myworkdayjobs.com/UMFaculty/job/Coral-Gables-FL/Physical-Therapy--Assistant-Professor-of-Clinical_R100078898,https://med.miami.edu/offices/faculty-affairs/services/appointment-promotion-and-tenure,2026-09-09,true,,,,
AT-043,policy-non-tenure-track,non-tenure-track,institution-policy,Southeastern Technical College,"Dental Hygiene Instructor, Full-Time Position, Vidalia campus",https://www.tcsg.edu/job/dental-hygiene-instructor-full-time-position-vidalia-campus,https://nces.ed.gov/ipeds/reported-data/html/368911?year=2024&surveyNumber=9&viewmode=print,2026-09-20,true,,,,
AT-044,policy-non-tenure-track,non-tenure-track,institution-policy,The University of Texas Medical Branch at Galveston,"Assistant Professor of Clinical Practice, Internal Medicine-Pulmonary Sleep Medicine",https://applyjobs.utmb.edu/jobs/assistant-professor-of-clinical-practice-internal-medicine-pulmonary-sleep-medicine-34561,https://www.utmb.edu/facultyaffairs/faculty-appointments-(apt)/faculty-titles---appointments,2026-09-09,true,,,,
AT-045,policy-non-tenure-track,non-tenure-track,institution-policy,Ohio State University,Lecturer,https://osu.wd1.myworkdayjobs.com/OSUCareers/job/Columbus-Campus/Lecturer_R150925-1,https://faculty.osu.edu/faculty-titles-contracts-and-renewals,2026-09-09,false,,,,
AT-046,policy-non-tenure-track,non-tenure-track,institution-policy,Santa Rosa Junior College,Associate Faculty - Lifelong Learning,https://www.communitycollegecareerconnect.com/jobs/cmp324jhi003b01nzck1jikl2,https://hr.santarosa.edu/benefits-associate-faculty,2026-09-10,false,,,,
AT-047,policy-non-tenure-track,non-tenure-track,institution-policy,William Rainey Harper College,Vocational Skills Lecturer - Business and Entrepreneurship,https://fa-eneh-saasfaprod1.fa.ocs.oraclecloud.com/hcmUI/CandidateExperience/en/sites/CX_1001/job/230532,https://www.harpercollege.edu/academics/arts/web-development/faculty.php,2026-09-21,false,,,,
AT-048,policy-non-tenure-track,non-tenure-track,institution-policy,Northwest State Community College,Industrial Technology Faculty (Electrical),https://www.schooljobs.com/careers/northweststate/jobs/5444125/industrial-technology-faculty-electrical,https://nces.ed.gov/ipeds/reported-data/html/204440?year=2024&surveyNumber=9&viewmode=print,2026-09-20,false,,,,
AT-049,policy-non-tenure-track,non-tenure-track,institution-policy,University of Mary,Faculty | Communication,https://universityofmary.applytojob.com/apply/pEl3DRCcoB/Faculty-Communication,https://nces.ed.gov/ipeds/reported-data/html/200217?year=2024&surveyNumber=9&viewmode=print,2026-09-20,false,,,,
AT-050,policy-non-tenure-track,non-tenure-track,institution-policy,Texas State Technical College,Electrical Lineworker - Instructor,https://tstc.wd1.myworkdayjobs.com/TSTC_Jobs/job/Waco-Campus/Instructor--Electrical-Lineworker_R-005968,https://nces.ed.gov/ipeds/reported-data/html/487320?year=2024&surveyNumber=9&viewmode=print,2026-09-22,false,,,,
AT-051,policy-non-tenure-track,non-tenure-track,institution-policy,Oral Roberts University,Open Rank Professor of Nursing,https://oru.hrmdirect.com/employment/job-opening.php?req=2443907&req_loc=&&cust_sort1=154253&cust_sort2=-1&cust_sort3=-1&&nohd#job,https://oru.edu/pdfs/faculty-and-staff/faculty/new-docs/faculty-admin-handbook-2023-2024.pdf,2026-09-21,true,,,,
AT-052,policy-non-tenure-track,non-tenure-track,institution-policy,Wake Technical Community College,"Instructor, 9M Culinary Arts",https://www.schooljobs.com/careers/waketechedu/jobs/5491563/instructor-9m-culinary-arts,https://wordpress.nccommunitycolleges.edu/wp-content/uploads/2025/08/ENTIRE-CODE-01AUG25-2.pdf,2026-09-10,false,,,,
AT-053,policy-non-tenure-track,non-tenure-track,institution-policy,Franklin Pierce University,Principal Faculty (MPAS-TX),https://franklinpierceuniversity.applytojob.com/apply/VbY7uCrxO5/Principal-Faculty-MPASTX,https://nces.ed.gov/ipeds/reported-data/html/182795?year=2024&surveyNumber=9&viewmode=print,2026-09-20,false,,,,
AT-054,policy-non-tenure-track,non-tenure-track,institution-policy,Samuel Merritt University,"Annual Faculty - Mental Health Nursing, ABSN (Oakland)",https://samuelmerritt.wd1.myworkdayjobs.com/smucareers/job/Oakland-Campus/XMLNAME--SEP-2025-START--Annual-Faculty---Community-Health-Nursing--ABSN--Oakland-_JR100960,https://www.samuelmerritt.edu/sites/default/files/2021-09/Faculty%20Handbook%20-%202021-09%20Revision_0.pdf,2026-09-20,true,,,,
AT-055,policy-non-tenure-track,non-tenure-track,institution-policy,Georgia State University,Clinical Assistant Professor of Audiology,https://facultycareers.gsu.edu/postings/7237,https://faculty.gsu.edu/faculty-handbook/,2026-09-21,true,,,,
AT-056,policy-non-tenure-track,non-tenure-track,institution-policy,The University of Texas Medical Branch at Galveston,"Instructor Clinical Practice, Emergency Medical Group",https://applyjobs.utmb.edu/jobs/instructor-clinical-practice-emergency-medical-group-33336,https://www.utmb.edu/facultyaffairs/faculty-appointments-(apt)/faculty-titles---appointments,2026-09-09,true,,,,
AT-057,policy-non-tenure-track,non-tenure-track,institution-policy,Ohio State University,Research Professor,https://osu.wd1.myworkdayjobs.com/OSUCareers/job/College-of-MedicineOffice-of-Health-Sciences/Research-Professor_R158721,https://faculty.osu.edu/faculty-titles-contracts-and-renewals,2026-09-09,false,,,,
AT-058,policy-non-tenure-track,non-tenure-track,institution-policy,Texas Southmost College,Divisional Dean of Arts & Sciences,https://tsc.peopleadmin.com/postings/6916,https://nces.ed.gov/ipeds/reported-data/html/227377?year=2024&surveyNumber=9&viewmode=print,2026-09-20,false,,,,
AT-059,policy-non-tenure-track,non-tenure-track,institution-policy,Columbia University in the City of New York,Assistant Professor of Medicine (in the Center for Family and Community Medicine) at CUMC,https://apply.interfolio.com/166211,https://www.cuimc.columbia.edu/about-us/faculty-staff-students/academic-affairs/faculty-academic-tracks,2026-09-09,true,,,,
AT-060,policy-non-tenure-track,non-tenure-track,institution-policy,Columbia University in the City of New York,Faculty- All Ranks - Clinical: Instructor/ Assistant Professor/ Associate Professor / Professor at the CUMC,https://apply.interfolio.com/174271,https://www.cuimc.columbia.edu/about-us/faculty-staff-students/academic-affairs/faculty-academic-tracks,2026-09-09,true,,,,
AT-061,policy-non-tenure-track,non-tenure-track,institution-policy,Texas State Technical College,Aviation Maintenance Technology - Instructor,https://tstc.wd1.myworkdayjobs.com/TSTC_Jobs/job/Waco-Campus/Aviation-Maintenance-Technology---Instructor_R-006030-1,https://nces.ed.gov/ipeds/reported-data/html/487320?year=2024&surveyNumber=9&viewmode=print,2026-09-22,false,,,,
AT-062,policy-non-tenure-track,non-tenure-track,institution-policy,Alamance Community College,Cosmetology Instructor (9month Faculty),https://www.schooljobs.com/careers/alamanceccedu/jobs/5483298/cosmetology-instructor-9month-faculty,https://wordpress.nccommunitycolleges.edu/wp-content/uploads/2025/08/ENTIRE-CODE-01AUG25-2.pdf,2026-09-10,false,,,,
AT-063,policy-non-tenure-track,non-tenure-track,institution-policy,Florence-Darlington Technical College,"Nursing Instructor (Peds, OB, or Psych Experience)",https://www.schooljobs.com/careers/fdtc/jobs/4999254/nursing-instructor-peds-ob-or-psych-experience,https://www.scstatehouse.gov/code/t59c053.php,2026-09-15,true,,,,
AT-064,policy-non-tenure-track,non-tenure-track,institution-policy,East Tennessee State University,Assistant Professor,https://fa-evyu-saasfaprod1.fa.ocs.oraclecloud.com/hcmUI/CandidateExperience/en/sites/CX_1/job/1180,https://www.etsu.edu/research/orspa/documents/ug_pi_eligibility_policy.pdf,2026-09-22,false,,,,
AT-065,policy-non-tenure-track,non-tenure-track,institution-policy,Boston College,Assistant Professor of the Practice / Assistant Director of Irish Studies,https://apply.interfolio.com/191724,https://www.bc.edu/content/bc-web/academics/sites/office-of-provost/faculty-gateway/faculty-handbook.html,2026-09-20,false,,,,
AT-066,policy-non-tenure-track,non-tenure-track,institution-policy,University of Miami,"Clinical Faculty, Open Rank - Diagnostic Radiology, Breast Imaging",https://umiami.wd1.myworkdayjobs.com/UMFaculty/job/Miami-FL/Clinical-Faculty--Open-Rank---Diagnostic-Radiology--Breast-Imaging_R100091284,https://med.miami.edu/-/media/millerschool/offices/faculty-affairs/documents/remediated-bylaws.ashx?rev=5fce168d2fd545f8b35d2e1da79b9821,2026-09-21,true,,,,
AT-067,policy-non-tenure-track,non-tenure-track,institution-policy,University of Miami,Assistant Professor of Clinical - Anesthesiology,https://umiami.wd1.myworkdayjobs.com/UMFaculty/job/Miami-FL/Assistant-Professor-of-Clinical---Anesthesiology_R100087319-1,https://med.miami.edu/offices/faculty-affairs/services/appointment-promotion-and-tenure,2026-09-09,true,,,,
AT-068,policy-non-tenure-track,non-tenure-track,institution-policy,Tulsa Community College,Assistant Professor - Engineering,https://www.schooljobs.com/careers/tulsacc/jobs/5176520/assistant-professor-engineering,https://nces.ed.gov/ipeds/reported-data/html/207935?year=2024&surveyNumber=9&viewmode=print,2026-09-20,false,,,,
AT-069,policy-non-tenure-track,non-tenure-track,institution-policy,Princeton University,Lecturer,https://apply.interfolio.com/185637,https://faculty.princeton.edu/faculty/faculty-ranks-appointment-advancement,2026-09-21,false,,,,
AT-070,policy-non-tenure-track,non-tenure-track,institution-policy,UC San Francisco,In Residence/ Ladder Faculty - Gladstone-UCSF Institute of Genomic Immunology,https://aprecruit.ucsf.edu/JPF05958,https://www.ucop.edu/academic-personnel-programs/_files/apm/apm-270.pdf,2026-09-20,false,,,,
AT-071,policy-non-tenure-track,non-tenure-track,institution-policy,Rockingham Community College,"Faculty, Nursing (9-Month)",https://www.schooljobs.com/careers/rockinghamcc/jobs/5250162/faculty-nursing-9-month,https://wordpress.nccommunitycolleges.edu/wp-content/uploads/2025/08/ENTIRE-CODE-01AUG25-2.pdf,2026-09-10,true,,,,
AT-072,policy-non-tenure-track,non-tenure-track,institution-policy,East Carolina University,"Clinical Assistant Professor, Assistant Professor, Clinical Associate Professor, Associate Professor — EHH BSOM Pathology",https://ecu.peopleadmin.com/postings/97173,https://facultysenate.ecu.edu/manual/part8-section1/,2026-09-15,true,,,,
AT-073,policy-non-tenure-track,non-tenure-track,institution-policy,The University of Texas Medical Branch at Galveston,"Instructor Clinical Practice, Emergency Medical Group",https://applyjobs.utmb.edu/jobs/instructor-clinical-practice-emergency-medical-group-33370,https://www.utmb.edu/facultyaffairs/faculty-appointments-(apt)/faculty-titles---appointments,2026-09-09,true,,,,
AT-074,policy-non-tenure-track,non-tenure-track,institution-policy,George Mason University,Instructor Qualifications and Credentialing Requirements,https://provost.gmu.edu/academics/accreditation/instructor-qualifications-and-credentialing-requirements,https://nces.ed.gov/ipeds/complete-data-files/S2024_SIS.zip,2026-09-21,false,,,,
AT-075,policy-non-tenure-track,non-tenure-track,institution-policy,Columbia University in the City of New York,Assistant Professor of Medicine at CUMC - Pulmonary,https://apply.interfolio.com/177507,https://www.cuimc.columbia.edu/about-us/faculty-staff-students/academic-affairs/faculty-academic-tracks,2026-09-09,true,,,,
AT-076,policy-non-tenure-track,non-tenure-track,institution-policy,Kennesaw State University,Lecturer of Construction Management,https://careers.hprod.onehcm.usg.edu/psc/careers/CAREERS/HRMS/c/HRS_HRAM_FL.HRS_CG_SEARCH_FL.GBL?Page=HRS_APP_JBPST_FL&Action=U&FOCUS=Applicant&SiteId=1&JobOpeningId=301728&PostingSeq=1,https://facultyhandbook.kennesaw.edu/,2026-09-15,false,,,,
AT-077,policy-non-tenure-track,non-tenure-track,institution-policy,Mitchell Community College,"Economics, Faculty",https://www.schooljobs.com/careers/mitchellcc/jobs/5484706/economics-faculty,https://wordpress.nccommunitycolleges.edu/wp-content/uploads/2025/08/ENTIRE-CODE-01AUG25-2.pdf,2026-09-10,false,,,,
AT-078,policy-non-tenure-track,non-tenure-track,institution-policy,University of Washington,"Assistant, Associate or Full Professor of Clinical Practice - UW Pediatric Cardiology Non Invasive Imaging Pediatrics, Cardiology",https://ap.washington.edu/ahr/position-details?job_id=179414,https://ap.washington.edu/ahr/academic-titles-ranks/professorial/,2026-09-10,true,,,,
AT-079,policy-non-tenure-track,non-tenure-track,institution-policy,Lake Land College,Correctional Commercial Cooking Instructor at East Moline Correctional Center,https://www.schooljobs.com/careers/lakelandcollege/jobs/5226163/correctional-commercial-cooking-instructor-at-east-moline-correctional-center,https://www.lakelandcollege.edu/wp-content/laker-documents/laker/bot/Board%20Book%20January%202026.pdf,2026-09-21,false,,,,
AT-080,policy-non-tenure-track,non-tenure-track,institution-policy,Ohio State University,"Physician - Pulmonology, Pulmonary, Critical Care (Open Rank/ Track Faculty)",https://osu.wd1.myworkdayjobs.com/OSUCareers/job/Medical-Center-Campus/Physician---Pulmonology--Pulmonary--Critical-Care--Open-Rank--Track-Faculty-_R115492-1,https://hr.osu.edu/careers/,2026-09-21,true,,,,
AT-081,variable-track,variable,variable-language,East Tennessee State University,Assistant/Associate Professor of Physiology,https://fa-evyu-saasfaprod1.fa.ocs.oraclecloud.com/hcmUI/CandidateExperience/en/sites/CX_1/job/1258,,,false,,,,
AT-082,variable-track,variable,variable-language,Alabama A & M University,Assistant / Associate Professor of Educational Research,https://www.schooljobs.com/careers/aamu/jobs/5066984/assistant-associate-professor-of-educational-research,,,false,,,,
AT-083,variable-track,variable,variable-language,Oklahoma State University,Assistant or Associate Professor 213709,https://jobs.okstate.edu/jobs/assistant-or-associate-professor-213709-stillwater-oklahoma-united-states,,,true,,,,
AT-084,variable-track,variable,variable-language,Alabama A & M University,Assistant / Associate Professor of Management/Management Information Systems,https://www.schooljobs.com/careers/aamu/jobs/4985690/assistant-associate-professor-of-management-management-information-systems,,,false,,,,
AT-085,variable-track,variable,variable-language,Ohio State University,"Physician – Pathology, Neuropathology (Open Rank/Track Faculty)",https://osu.wd1.myworkdayjobs.com/OSUCareers/job/College-of-MedicineOffice-of-Health-Sciences/Physician---Pathology--Neuropathology--Open-Rank-Track-Faculty-_R152045-1,,,true,,,,
AT-086,variable-track,variable,variable-language,"University of Nevada, Reno","Lecturer II / Teaching Assistant Professor / Assistant Professor, Statewide Natural Resources Specialist, Extension - Winnemucca, Nevada",https://nshe.wd1.myworkdayjobs.com/UNR-external/job/Extension-Humboldt---University-of-Nevada-Reno/Lecturer-II---Teaching-Assistant-Professor---Assistant-Professor--Statewide-Natural-Resources-Specialist--Extension---Winnemucca--Nevada_R0151168-1,,,false,,,,
AT-087,variable-track,variable,variable-language,Ohio State University,"Physician OR Clinical Researcher - Internal Medicine Dept, Palliative Care Division (Open Rank/Track Faculty)",https://osu.wd1.myworkdayjobs.com/OSUCareers/job/College-of-MedicineOffice-of-Health-Sciences/Physician-OR-Clinical-Researcher---Internal-Medicine-Dept--Palliative-Care-Division--Open-Rank-Track-Faculty-_R135642-1,,,true,,,,
AT-088,variable-track,variable,variable-language,Stanford University,"Physician-Scientist or Scientist Faculty Scholars, Center for Pediatric IBD and Celiac Disease",https://facultypositions.stanford.edu/jobs/physician-scientist-or-scientist-faculty-scholars-center-for-pediatric-ibd-and-celiac-disease-stanford-university-california-united-states,,,true,,,,
AT-089,variable-track,variable,variable-language,Ohio State University,"Physician - Department of Radiology, Abdominal & Pelvic Imaging (Open Rank/Track Faculty)",https://osu.wd1.myworkdayjobs.com/OSUCareers/job/College-of-MedicineOffice-of-Health-Sciences/Physician---Radiology--Abdominal---Pelvic-Imaging--Open-Rank-Track-Faculty-_R101157,,,true,,,,
AT-090,variable-track,variable,variable-language,Des Moines University-Osteopathic Medical Center,Open Rank Professor - Physiology and Pharmacology,https://careers.dmu.edu/en-us/job/493006/open-rank-professor-physiology-and-pharmacology,,,true,,,,
AT-091,variable-track,variable,variable-language,University of Chicago,"AI-Enabled Biology and Medicine - A Division-wide, Open-rank Faculty Search #BSD043",https://academicjobs.uchicago.edu/positions/188858,,,true,,,,
AT-092,variable-track,variable,variable-language,Ohio State University,"Physician – Department of Otolaryngology, Division Director, Otologist/Neurotologist (Open Rank/Track Faculty)",https://osu.wd1.myworkdayjobs.com/OSUCareers/job/College-of-MedicineOffice-of-Health-Sciences/Physician---Department-of-Otolaryngology--Division-Director--Otologist-Neurotologist---Open-Rank-Track-Faculty-_R154274-1,,,true,,,,
AT-093,variable-track,variable,variable-language,Texas Christian University,Assistant/Associate Professor or Assistant/Associate Professor of Professional Practice - Occupational Therapy - of Nursing & Health Sciences,https://jobs.tcu.edu/jobs/assistant-associate-professor-or-assistant-associate-professor-of-professional-practice-occupational-therapy-tcu-main-campus-texas-united-states-cd6dc3bf-6d7b-4315-b6d0-d42763b2be27,,,true,,,,
AT-094,variable-track,variable,variable-language,University of Miami,Assistant/Associate Professor,https://umiami.wd1.myworkdayjobs.com/UMFaculty/job/Miami-FL/Assistant-Associate-Professor_R100099998,,,false,,,,
AT-095,variable-track,variable,variable-language,Ohio State University,"Physician – Department of Anesthesiology, Critical Care/General Anesthesiologist (Open Rank/Track Faculty)",https://osu.wd1.myworkdayjobs.com/OSUCareers/job/College-of-MedicineOffice-of-Health-Sciences/Physician---Department-of-Anesthesiology--Critical-Care-General-Anesthesiologist--Open-Rank-Track-Faculty-_R107499-1,,,true,,,,
AT-096,variable-track,variable,variable-language,Ohio State University,Open Faculty Search- Small Animal Neurology and Neurosurgery,https://osu.wd1.myworkdayjobs.com/OSUCareers/job/Columbus-Campus/Open-Faculty-Search--Small-Animal-Neurology-and-Neurosurgery_R94679-1,,,true,,,,
AT-097,variable-track,variable,variable-language,Alabama A & M University,Assistant / Associate Professor for Human Development and Family Studies,https://www.schooljobs.com/careers/aamu/jobs/4768737/assistant-associate-professor-for-human-development-and-family-studies,,,false,,,,
AT-098,variable-track,variable,variable-language,University of Nebraska Medical Center,Neurotologist / Faculty Rank DOQ,https://unmc.peopleadmin.com/postings/94947,,,true,,,,
AT-099,variable-track,variable,variable-language,Ohio State University,"Physician - Family and Community Health, Family Medicine Physician (Open Rank/Track Faculty)",https://osu.wd1.myworkdayjobs.com/OSUCareers/job/College-of-MedicineOffice-of-Health-Sciences/Physician---Family-and-Community-Health--Family-Medicine-Physician--Open-Rank-Track-Faculty-_R159466-1,,,true,,,,
AT-100,variable-track,variable,variable-language,University of Nebraska Medical Center,Gyn Oncology Physician Faculty - Academic Rank/DOQ,https://unmc.peopleadmin.com/postings/94796,,,true,,,,
AT-101,unclassified-medical,unclassified,none,Harvard University,"Chair, Department of Restorative Dentistry and Biomaterials Sciences — School of Dental Medicine",https://academicpositions.harvard.edu/postings/16751,,,true,,,,
AT-102,unclassified-medical,unclassified,none,Antelope Valley Community College District,Registered Nursing Instructor -Readvertised,https://www.communitycollegecareerconnect.com/jobs/cmud3jpyz000v01lg2ucacwf2,,,true,,,,
AT-103,unclassified-medical,unclassified,none,University of Vermont,"Chair, Department of Pathology and Laboratory Medicine",https://www.uvmjobs.com/postings/86159,,,true,,,,
AT-104,unclassified-medical,unclassified,none,Medical College of Wisconsin,"Pediatric Hematopathology Faculty, Assistant or Associate Professor",https://mcw.wd503.myworkdayjobs.com/ExternalCareers/job/Milwaukee-WI/XMLNAME--36399--Pediatric-Hematopathology-Faculty_JR100337,,,true,,,,
AT-105,unclassified-medical,unclassified,none,University of North Texas Health Science Center,Assistant/Associate Professor (Open Rank) - Internal Medicine - HSC-UNT System College of Pharmacy,https://careers.untsystem.edu/jobs/assistant-associate-professor-open-rank-internal-medicine-fort-worth-texas-united-states,,,true,,,,
AT-106,unclassified-medical,unclassified,none,Medical College of Wisconsin,Associate Professor - Data Science Institute,https://mcw.wd503.myworkdayjobs.com/ExternalCareers/job/Milwaukee-WI/Associate-Professor---Data-Science-Institute_JR101442,,,true,,,,
AT-107,unclassified-medical,unclassified,none,Texas Tech University Health Sciences Center,"Asst/Assoc/Professor, Dept of Neurology - Neurologist",https://sjobs.brassring.com/TGnewUI/Search/home/HomeWithPreLoad?partnerid=25898&siteid=5281&PageType=JobDetails&jobid=923575,,,true,,,,
AT-108,unclassified-medical,unclassified,none,Nova Southeastern University,"Faculty (Rank TBD), Nursing - 994285",https://nsucareers.nova.edu/jobs/faculty-rank-tbd-nursing-994285-miami-florida-united-states,,,true,,,,
AT-109,unclassified-medical,unclassified,none,University of Texas Southwestern Medical Center,Instructor - Health Care Sciences,https://jobs.utsouthwestern.edu/job/23903674/instructor-health-care-sciences-dallas-tx,,,true,,,,
AT-110,unclassified-medical,unclassified,none,Medical College of Wisconsin,Pediatric Cardiac Anesthesiologist Faculty - Open Rank - Milwaukee Campus,https://mcw.wd503.myworkdayjobs.com/ExternalCareers/job/Milwaukee-WI/Pediatric-Cardiac-Anesthesiologist-Faculty---Open-Rank----Milwaukee-Campus_JR103466,,,true,,,,
AT-111,unclassified-medical,unclassified,none,Nova Southeastern University,Faculty (Rank TBD) – Pharmacy Practice - 999005,https://nsucareers.nova.edu/jobs/faculty-rank-tbd-pharmacy-practice-999005-fort-lauderdale-davie-florida-united-states,,,true,,,,
AT-112,unclassified-medical,unclassified,none,Wayne State University,"Faculty, Rank To Be Determined, Ryan White Program - Department of Internal Medicine",https://waynetalent.csod.com/ux/ats/careersite/2/home/requisition/3523?c=waynetalent,,,true,,,,
AT-113,unclassified-medical,unclassified,none,Medical College of Wisconsin,Pediatric Dermatology Faculty - Open Rank,https://mcw.wd503.myworkdayjobs.com/ExternalCareers/job/Milwaukee-WI/Pediatric-Dermatology-Faculty---Open-Rank_JR103724,,,true,,,,
AT-114,unclassified-medical,unclassified,none,Oklahoma State University-Oklahoma City,Nursing Instructor-210627,https://jobs.okstate.edu/jobs/nursing-instructor-210627-oklahoma-city-oklahoma-united-states,,,true,,,,
AT-115,unclassified-medical,unclassified,none,Medical College of Wisconsin,"Pediatric Gastroenterology, Hepatology and Nutrition - Southeast WI - Faculty",https://mcw.wd503.myworkdayjobs.com/ExternalCareers/job/Milwaukee-WI/Pediatric-Gastroenterology--Hepatology-and-Nutrition---Southeast-WI---Faculty_JR102866,,,true,,,,
AT-116,unclassified-medical,unclassified,none,The University of Texas Health Science Center at San Antonio,Open Rank MIMG Faculty,https://uthscsa.referrals.selectminds.com/faculty/jobs/open-rank-mimg-faculty-13156,,,true,,,,
AT-117,unclassified-medical,unclassified,none,Calbright College,"Department Chair, Health Science Programs",https://www.communitycollegecareerconnect.com/jobs/cmtxlfwmh004p01l6ahp6xnt2,,,true,,,,
AT-118,unclassified-medical,unclassified,none,Columbia University in the City of New York,All Ranks - Assistant/Associate Professor of Radiology (Interventional Radiology ),https://apply.interfolio.com/182524,,,true,,,,
AT-119,unclassified-medical,unclassified,none,University of North Texas Health Science Center,Assistant/Associate Professor - HSC-CBTS-Office of the Dean,https://careers.untsystem.edu/jobs/assistant-associate-professor-fort-worth-texas-united-states-406d0f5f-2cb5-47b2-a6a2-e874251aff02,,,true,,,,
AT-120,unclassified-medical,unclassified,none,Meharry Medical College,Assistant Professor,https://meharrymedicalcollege.wd12.myworkdayjobs.com/external/job/Main-Campus/Assistant-Professor_JR101667,,,true,,,,
AT-121,unclassified-medical,unclassified,none,Joseph F McCloskey School of Nursing,Nurse Instructor,https://www.lvhn.org/job/nurse-instructor,,,true,,,,
AT-122,unclassified-medical,unclassified,none,Medical College of Wisconsin,Assistant Professor - Institute for Health & Humanity,https://mcw.wd503.myworkdayjobs.com/ExternalCareers/job/Milwaukee-WI/Assistant-Professor---Institute-for-Health---Humanity_JR103251,,,true,,,,
AT-123,unclassified-medical,unclassified,none,The University of Texas Health Science Center at San Antonio,Associate Professor-Pharmacology,https://uthscsa.referrals.selectminds.com/faculty/jobs/associate-professor-pharmacology-13155,,,true,,,,
AT-124,unclassified-medical,unclassified,none,The University of Texas Medical Branch at Galveston,Assistant Professor - Otolaryngology,https://applyjobs.utmb.edu/jobs/assistant-professor-otolaryngology-33578,,,true,,,,
AT-125,unclassified-medical,unclassified,none,University of Rochester,Faculty Position in Pediatrics (Allergy & Immunology),https://apply.interfolio.com/155533,,,true,,,,
AT-126,unclassified-medical,unclassified,none,Virginia Commonwealth University,"Assistant Professor, School of Medicine, Neurosurgery",https://vcujobs.com/jobs/assistant-professor-school-of-medicine-neurosurgery-f80200-mcv-main-campus-virginia-united-states,,,true,,,,
AT-127,unclassified-medical,unclassified,none,Chaminade University of Honolulu,Assistant Professor of Nursing,https://workforcenow.adp.com/mascsr/default/mdf/recruitment/recruitment.html?cid=052b3ffb-78d8-40ac-bd43-f6ee902354e2&ccId=2543893806_3653&jobId=9206313953146_1&lang=en_US&source=CC2,,,true,,,,
AT-128,unclassified-medical,unclassified,none,Des Moines University-Osteopathic Medical Center,Department Chair and Program Director - Doctor of Psychology in Clinical Psychology,https://careers.dmu.edu/en-us/job/492987/department-chair-and-program-director-doctor-of-psychology-in-clinical-psychology,,,true,,,,
AT-129,unclassified-medical,unclassified,none,Chatham University,Assistant Professor of Nursing,https://chatham.wd12.myworkdayjobs.com/ChathamUniversity/job/Pittsburgh-PA/Assistant-Professor-of-Nursing_JR00000944,,,true,,,,
AT-130,unclassified-medical,unclassified,none,Calvin University,"Speech Pathology and Audiology Faculty, Full-time",https://calvin.wd5.myworkdayjobs.com/CalvinUniversityCareers/job/Grand-Rapids-Campus/Speech-Pathology-and-Audiology-Faculty--Full-time_R-4680-1,,,true,,,,
AT-131,unclassified-medical,unclassified,none,George C Wallace State Community College-Selma,Health Science Instructor (MSN) FY 26-REVISED,https://www.schooljobs.com/careers/accs/wallaceselma/jobs/5384016/health-science-instructor-msn-fy-26-revised,,,true,,,,
AT-132,unclassified-medical,unclassified,none,Columbia University in the City of New York,Assistant/Associate Professor of Psychiatry - Senior Medical Director,https://apply.interfolio.com/188705,,,true,,,,
AT-133,unclassified-medical,unclassified,none,University of Toledo,"Assistant, Associate, or Full Professor - Anesthesiologist, Cardiac",https://careers.utoledo.edu/jobs/assistant-associate-or-full-professor-anesthesiologist-cardiac-health-science-campus-college-toledo-oh-ohio-united-states,,,true,,,,
AT-134,unclassified-medical,unclassified,none,The University of Texas Health Science Center at Houston,"Assistant Professor, Urology (LBJ General Hospital) - Surgery, McGovern Medical School",https://careers.uth.tmc.edu/us/en/job/2500028Z/Assistant-Professor-Urology-LBJ-General-Hospital-Surgery-McGovern-Medical-School,,,true,,,,
AT-135,unclassified-medical,unclassified,none,Medical College of Wisconsin,Pediatric Anesthesiologist Faculty - Open Rank,https://mcw.wd503.myworkdayjobs.com/ExternalCareers/job/Milwaukee-WI/Pediatric-Anesthesiologist---Faculty-Open-Rank_JR100479,,,true,,,,
AT-136,unclassified-medical,unclassified,none,Augusta University,"Open Rank Dentistry Faculty, DCG-Restorative Sciences",https://careers.hprod.onehcm.usg.edu/psc/careers/CAREERS/HRMS/c/HRS_HRAM_FL.HRS_CG_SEARCH_FL.GBL?Page=HRS_APP_JBPST_FL&Action=U&FOCUS=Applicant&SiteId=1&JobOpeningId=302632&PostingSeq=1,,,true,,,,
AT-137,unclassified-medical,unclassified,none,Medical College of Wisconsin,Neurologist - Assistant Professor,https://mcw.wd503.myworkdayjobs.com/ExternalCareers/job/West-Bend-WI/Assistant-Professor---Neurology--General-_JR100423,,,true,,,,
AT-138,unclassified-medical,unclassified,none,University of Chicago,Comprehensive Gynecology Faculty - #OBG100,https://academicjobs.uchicago.edu/positions/184772,,,true,,,,
AT-139,unclassified-medical,unclassified,none,University of Texas at Austin,Pharmacy Experiential Programs: Galveston Houston Regional Faculty Opening,https://faculty.utexas.edu/career/182044,,,true,,,,
AT-140,unclassified-medical,unclassified,none,The University of Texas Medical Branch at Galveston,"Professor, Surgery-Plastic Surgery",https://applyjobs.utmb.edu/jobs/professor-surgery-plastic-surgery-35739,,,true,,,,
AT-141,unclassified-general,unclassified,none,University of Rochester,Assistant Professor/ Associate Professor/ Professor- REI,https://apply.interfolio.com/180390,,,false,,,,
AT-142,unclassified-general,unclassified,none,Morgan State University,Physical Scientist Faculty Position,https://morgan.peopleadmin.com/postings/8822,,,false,,,,
AT-143,unclassified-general,unclassified,none,University of West Alabama,Athletic Trainer Faculty- Rank Open (Multiple Positions),https://apply.interfolio.com/185758,,,false,,,,
AT-144,unclassified-general,unclassified,none,Franklin College,Assistant Professor of Athletic Training,https://franklincollege.edu/wp-content/uploads/2026/09/Job-2026-Assistant-Professor-of-Athletic-Training.pdf,,,false,,,,
AT-145,unclassified-general,unclassified,none,Nicholls State University,Instructor/Assistant/Associate Professor in Sales and Marketing,https://jobs.nicholls.edu/postings/10452,,,false,,,,
AT-146,unclassified-general,unclassified,none,Calvin University,Assistant Professor - Business Analytics,https://calvin.wd5.myworkdayjobs.com/CalvinUniversityCareers/job/Grand-Rapids-Campus/Assistant-Professor---Business-Analytics_R-4518,,,false,,,,
AT-147,unclassified-general,unclassified,none,York University,"Faculty Position for Accounting, Finance, or Agribusiness",https://www.york.edu/about/employment.php#applications,,,false,,,,
AT-148,unclassified-general,unclassified,none,Oakwood University,"Assistant/Associate/Professor of Education Huntsville, AL Full Time",https://oakwood.edu/job/assistant-associate-professor-of-education,,,false,,,,
AT-149,unclassified-general,unclassified,none,University of California-San Diego,Assistant Professor in Fusion Energy Engineering - UC San Diego,https://apol-recruit.ucsd.edu/JPF04658,,,false,,,,
AT-150,unclassified-general,unclassified,none,University of Richmond,Tyler Haynes Professorship,https://richmond.wd5.myworkdayjobs.com/staff_faculty/job/UR-Main-Campus/Tyler-Haynes-Professorship_JR100574,,,false,,,,
AT-151,unclassified-general,unclassified,none,High Point University,"Assistant/Associate Professor, Electrical and Computer Engineering",https://highpoint.wd503.myworkdayjobs.com/Highpoint-Faculty/job/High-Point-University/Assistant-Associate-Professor--Electrical-and-Computer-Engineering_R0008849,,,false,,,,
AT-152,unclassified-general,unclassified,none,Morrison Institute of Technology,Instructor - Engineering Technology; Automation (F/T or P/T),https://www.morrisontech.edu/employment,,,false,,,,
AT-153,unclassified-general,unclassified,none,Clayton State University,Assistant Professor of Biology,https://careers.hprod.onehcm.usg.edu/psc/careers/CAREERS/HRMS/c/HRS_HRAM_FL.HRS_CG_SEARCH_FL.GBL?Page=HRS_APP_JBPST_FL&Action=U&FOCUS=Applicant&SiteId=1&JobOpeningId=302473&PostingSeq=1,,,false,,,,
AT-154,unclassified-general,unclassified,none,Hudson Valley Community College,Instructor – Sociology HV-FAC-Sociology SP27,https://www.hvcc.edu/hr/employment-opportunities.html#op-707955-instructor--sociology-hvfacsociology-sp27,,,false,,,,
AT-155,unclassified-general,unclassified,none,Northeastern State University,F99911 Assistant Professor of English,https://nsuok.csod.com/ux/ats/careersite/4/home/requisition/5732?c=nsuok,,,false,,,,
AT-156,unclassified-general,unclassified,none,Gulf Coast State College,"Faculty, Mathematics – 9 months",https://www.schooljobs.com/careers/gulfcoast/jobs/5466790/faculty-mathematics-9-months,,,false,,,,
AT-157,unclassified-general,unclassified,none,Mississippi College,Assistant/Associate Professor (with an Exercise Science emphasis) - Department of Kinesiology,https://www.mc.edu/offices/human-resources/employment?rID[32]=455,,,false,,,,
AT-158,unclassified-general,unclassified,none,Andrews University,Faculty - Accounting,https://www.andrews.edu/admres/jobs/show/faculty#job_4024,,,false,,,,
AT-159,unclassified-general,unclassified,none,Kansas State University,Dean of the Graduate School,https://careers.k-state.edu/jobs/dean-of-the-graduate-school-manhattan-kansas-united-states,,,false,,,,
AT-160,unclassified-general,unclassified,none,Barton County Community College,Instructor & Coordinator (Electrical Technology),https://bartonccc.agilehr.com/careers/JobDetail?RequisitionId=80115&SourceId=0,,,false,,,,
AT-161,explicit-tenure-control,tenure-track,description-explicit,UCLA,Assistant Professor of Art/Sculpture,https://recruit.apo.ucla.edu/JPF11274,,,false,,,,
AT-162,explicit-tenure-control,tenure-track,description-explicit,William & Mary,Assistant Professor of English (Anglophone Literatures of Modernity and Modernism),https://williammary.wd12.myworkdayjobs.com/WM/job/Posting-Location---William--Mary/Assistant-Professor-of-English--Anglophone-Literatures-of-Modernity-and-Modernism-_JR102068,,,false,,,,
AT-163,explicit-tenure-control,tenure-track,description-explicit,University of Mississippi,Assistant/Associate Professor of Counselor Education,https://olemiss.wd12.myworkdayjobs.com/External__Faculty/job/University-MS/Assistant-Associate-Professor-of-Counselor-Education_JR103082,,,false,,,,
AT-164,explicit-tenure-control,tenure-track,description-explicit,University of Alaska Anchorage,Assistant Professor of Psychology,https://careers.alaska.edu/jobs/assistant-professor-of-psychology-anchorage-alaska-united-states,,,false,,,,
AT-165,explicit-tenure-control,tenure-track,description-explicit,James Madison University,Assistant Professor – Department of Economics,https://jobs.jmu.edu/jobs/assistant-professor-department-of-economics-harrisonburg-virginia-united-states,,,false,,,,
AT-166,explicit-tenure-control,tenure-track,description-explicit,Mount Holyoke College,Assistant Professor of Politics,https://mtholyoke.wd504.myworkdayjobs.com/External/job/Mount-Holyoke-College---Main-Campus/Assistant-Professor-of-Politics_R-0000003578,,,false,,,,
AT-167,explicit-tenure-control,tenure-track,description-explicit,University at Buffalo,"Empire Innovation Professor, Quantum Computing",https://www.ubjobs.buffalo.edu/postings/59623,,,false,,,,
AT-168,explicit-tenure-control,tenure-track,description-explicit,George Washington University,"Assistant Professor, International Education",https://www.gwu.jobs/postings/128719,,,false,,,,
AT-169,explicit-tenure-control,tenure-track,description-explicit,Connecticut State Community College,Assistant Professor/PC Medical Office Assisting Program,https://ctstatecommunitycollege.applytojob.com/apply/xnU2PiYHCV/Assistant-ProfessorPC-Medical-Office-Assisting-Program,,,true,,,,
AT-170,explicit-tenure-control,tenure-track,title-explicit,Indiana University-Bloomington,Tenured Faculty Position in Quantum Sensing at Indiana University,https://indiana.peopleadmin.com/postings/34336,,,false,,,,
AT-171,explicit-tenure-control,tenure-track,title-explicit,Alvernia University,"Assistant Professor of Finance, Tenure Track, Header School of Business",https://workforcenow.adp.com/mascsr/default/mdf/recruitment/recruitment.html?cid=1b9ea04c-142e-4aa7-8d21-45439ca5b76b&ccId=19000101_000001&lang=en_US&selectedMenuKey=CareerCenter&jobId=578080,,,false,,,,
AT-172,explicit-tenure-control,tenure-track,title-explicit,Salem State University,"Faculty: Media & Communication, (Generalist), Full-Time, Tenure-Track",https://salem-state-university.career-pages.com/jobs/faculty-media-communication-generalist-full-time-tenure-track,,,false,,,,
AT-173,explicit-tenure-control,tenure-track,description-explicit,University of Alaska Anchorage,Assistant Professor of Accounting,https://careers.alaska.edu/jobs/assistant-professor-of-accounting-anchorage-alaska-united-states-adeac105-4b5c-46c0-8b95-eb29bedcecc7,,,false,,,,
AT-174,explicit-tenure-control,tenure-track,description-explicit,University of North Florida,"Assistant Professor, Mechanical Engineering",https://unf.wd5.myworkdayjobs.com/unfjobs/job/Jacksonville-FL/Assistant-Professor--Mechanical-Engineering_JR102788,,,false,,,,
AT-175,explicit-tenure-control,tenure-track,description-explicit,University of North Texas,Assistant Professor of Semiconductors,https://careers.untsystem.edu/jobs/assistant-professor-of-semiconductors-denton-texas-united-states,,,false,,,,
AT-176,explicit-tenure-control,tenure-track,description-explicit,Indiana Institute of Technology,Artificial Intelligence Faculty,https://www.paycomonline.net/v4/ats/web.php/portal/9B7DD7DDF4B46DE388E0D590C86BBE1D/jobs/273223,,,false,,,,
AT-177,explicit-tenure-control,tenure-track,description-explicit,University of Kentucky,"Assistant or Associate Professor of Exercise Science, Regular Title Series",https://ukjobs.uky.edu/postings/648526,,,false,,,,
AT-178,explicit-tenure-control,tenure-track,description-explicit,Temple University,Full/Associate/Assistant Professor Organic Chemistry,https://temple.taleo.net/careersection/tu_ex_faculty/jobdetail.ftl?job=23003804&tz=GMT%2B00%3A00&tzname=UTC,,,false,,,,
AT-179,explicit-tenure-control,tenure-track,title-explicit,Abilene Christian University-Undergraduate Online,Open Rank Professor - Organizational Behavior and Management (Tenure-Track),https://acu.wd108.myworkdayjobs.com/ACUCareers/job/Abilene-Texas/Organizational-Behavior-and-Management---Open-Rank-Tenure-Track-Faculty-Position_JR100881,,,false,,,,
AT-180,explicit-tenure-control,tenure-track,description-explicit,New Mexico State University,"Assistant Professor, Ethnic Studies and Chicana/o Studies",https://careers.nmsu.edu/jobs/assistant-professor-ethnic-studies-and-chicana-o-studies-las-cruces-new-mexico-united-states,,,false,,,,
AT-181,explicit-non-tenure-control,non-tenure-track,title-rank,St Petersburg College,Adjunct Faculty - Political Science,https://spchrs.spcollege.edu/psc/GUEST/EMPLOYEE/HRMS/c/HRS_HRAM_FL.HRS_CG_SEARCH_FL.GBL?Page=HRS_APP_JBPST_FL&Action=U&FOCUS=Applicant&SiteId=1&JobOpeningId=1000545&PostingSeq=1,,,false,,,,
AT-182,explicit-non-tenure-control,non-tenure-track,title-rank,Houston Christian University,Information Systems Adjunct,https://hc.edu/about-hcu/campus-resources/job-opportunities?marvel-activate=false&jobId=ddb9f7f5-fa21-df5f-6a94-a5e410e1c111,,,false,,,,
AT-183,explicit-non-tenure-control,non-tenure-track,description-explicit,University of Alabama at Birmingham,School of Medicine-Assistant Professor-Montgomery Regional Campus,https://uab.peopleadmin.com/postings/25832,,,true,,,,
AT-184,explicit-non-tenure-control,non-tenure-track,title-rank,Duquesne University,"Adjunct Faculty Position Department of Health, Exercise & Applied Science",https://apply.interfolio.com/175358,,,true,,,,
AT-185,explicit-non-tenure-control,non-tenure-track,title-rank,Northeastern University,Postdoctoral Research Associate,https://northeastern.wd1.myworkdayjobs.com/careers/job/Boston-MA-Main-Campus/Postdoctoral-Research-Associate_R126193,,,false,,,,
AT-186,explicit-non-tenure-control,non-tenure-track,title-rank,Fresno Pacific University,"Adjunct Faculty in Art1717 S Chestnut Ave, Fresno",https://www.governmentjobs.com/careers/fresnoedu/jobs/5023249/adjunct-faculty-in-art?visitor=cd6a4360-7109-4dea-b64e-fc691a2d0ea9&session=cc62d60a-1cf8-4904-8b3e-0922877d9862,,,false,,,,
AT-187,explicit-non-tenure-control,non-tenure-track,title-rank,Southern Crescent Technical College,"Adj. Instructor, Culinary Arts (Endowment-supported)",https://careers.georgia.gov/adj-instructor-culinary-arts-endowment-supported,,,false,,,,
AT-188,explicit-non-tenure-control,non-tenure-track,title-rank,Ivy Tech Community College,Adjunct Faculty - Ivy+ Career Link,https://ivytech.wd1.myworkdayjobs.com/Ivy_Tech_Careers/job/Columbus-IN/Adjunct-Faculty---Ivy--Career-Link_JR0000109498,,,false,,,,
AT-189,explicit-non-tenure-control,non-tenure-track,title-rank,Mississippi University for Women,Adjunct Instructors of Nutrition (Pool for Culinary Arts Institute),https://muw.peopleadmin.com/postings/6587,,,false,,,,
AT-190,explicit-non-tenure-control,non-tenure-track,title-rank,Azusa Pacific University,Adjunct Faculty Dance - Department of Theater Arts,https://jobs.apu.edu/job-detail.cfm?id=1061,,,false,,,,
AT-191,explicit-non-tenure-control,non-tenure-track,title-rank,Alvin Community College,"Adjunct, Computer Networking",https://www.schooljobs.com/careers/alvincollege/jobs/5464042/adjunct-computer-networking,,,false,,,,
AT-192,explicit-non-tenure-control,non-tenure-track,title-rank,Cuyahoga Community College District,"Adjunct Faculty, Anthropology",https://tri-c.csod.com/ux/ats/careersite/10/home/requisition/6986?c=tri-c,,,false,,,,
AT-193,explicit-non-tenure-control,non-tenure-track,title-rank,Weatherford College,Adjunct Instructor- Information Technology [Wise County Campus],https://jobs.wc.edu/postings/6896,,,false,,,,
AT-194,explicit-non-tenure-control,non-tenure-track,title-rank,Piedmont Technical College,"CVT Noninvasive Adjunct Instructor ""Pool""",https://www.governmentjobs.com/careers/sc/ptc/jobs/5412688/cvt-noninvasive-adjunct-instructor-pool,,,false,,,,
AT-195,explicit-non-tenure-control,non-tenure-track,description-direct-claim,Southeastern Illinois College,Phlebotomy Instructor,https://sic.edu/employment/phlebotomy-instructor,,,false,,,,
AT-196,explicit-non-tenure-control,non-tenure-track,title-explicit,Montana State University,Librarian/Instructor Non-Tenure Track Faculty (Applicant Pool),https://jobs.montana.edu/postings/49966,,,false,,,,
AT-197,explicit-non-tenure-control,non-tenure-track,title-rank,College of the Mainland,Adjunct Philosophy Instructor,https://jobs.com.edu/postings/4509,,,false,,,,
AT-198,explicit-non-tenure-control,non-tenure-track,title-rank,Villanova University,Adjunct Faculty - Department of Humanities,https://jobs.villanova.edu/postings/33429,,,false,,,,
AT-199,explicit-non-tenure-control,non-tenure-track,title-rank,SUNY Onondaga Community College,Anthropology Adjunct Faculty,https://sunyocc.interviewexchange.com/jobofferdetails.jsp?JOBID=197601,,,false,,,,
AT-200,explicit-non-tenure-control,non-tenure-track,title-rank,St Petersburg College,Adjunct Faculty - Health Services Administration,https://spchrs.spcollege.edu/psc/GUEST/EMPLOYEE/HRMS/c/HRS_HRAM_FL.HRS_CG_SEARCH_FL.GBL?Page=HRS_APP_JBPST_FL&Action=U&FOCUS=Applicant&SiteId=1&JobOpeningId=1000348&PostingSeq=1,,,true,,,,
